{"accuracy": [0.6141119599342346, 0.8717831969261169, 0.9194821715354919, 0.9430115818977356, 0.9573796391487122, 0.9661568999290466, 0.9719894528388977, 0.9770964980125427, 0.9795433282852173, 0.9827014803886414], "loss": [1.3118606805801392, 0.4113180935382843, 0.2513802647590637, 0.1761358231306076, 0.13036921620368958, 0.10304751992225647, 0.08635388314723969, 0.07127174735069275, 0.06286109238862991, 0.055599991232156754], "val_accuracy": [0.8554518818855286, 0.9206692576408386, 0.9343273639678955, 0.9423514604568481, 0.9535055756568909, 0.9572046399116516, 0.9523105025291443, 0.9580013751983643, 0.9532210230827332, 0.9676758646965027], "val_loss": [0.45910224318504333, 0.24911408126354218, 0.2059614509344101, 0.1829604059457779, 0.1438623070716858, 0.13519719243049622, 0.15362311899662018, 0.1378641426563263, 0.16334614157676697, 0.10629098117351532]}